_id,INTERSECTION_ID,LINEAR_NAME_FULL_1,LINEAR_NAME_FULL_2,ID,X,Y,LONGITUDE,LATITUDE,OBJECTID,geometry,MID_BLOCK,POLICE_DIVISION_2,POLICE_DIVISION_3,ACTIVATION_DATE,SIDE2,CLIENT_STREET_2,CLIENT_STREET_1,SIDE1,MI_PRINX,PRIVATE_ACCESS,TCS,ADDITIONAL_INFO,POLICE_DIVISION_1,WARD_1,WARD_3,WARD_2,WARD_4,NAME,DISTRICT,RLC,MAIN
20964,13465959,Richmond St E,Parliament St,1,,,,,1,"{""type"": ""Point"", ""coordinates"": [-79.3640229981536, 43.65455901107341]}",,,,2007-11-09T05:00:00,,PARLIAMENT ST,RICHMOND ST E,PARLIAMENT ST,1,,223,,51,Toronto Centre(13),,,,Richmond St E And Parliament St,Toronto and East York,6001,RICHMOND ST E
20965,13467993,Lake Shore Blvd W,York St,2,,,,,2,"{""type"": ""Point"", ""coordinates"": [-79.3808680070637, 43.6414600021636]}",,,,2007-11-09T05:00:00,,YORK ST,LAKE SHORE BLVD W,YORK ST,2,,205,WB LAKE SHORE BLVD,52,Spadina-Fort York(10),,,,Lake Shore Blvd W And York St,Toronto and East York,6002,LAKE SHORE BLVD W
20966,13444656,Steeles Ave W,Carpenter Rd,3,,,,,3,"{""type"": ""Point"", ""coordinates"": [-79.447588998966, 43.7920130014137]}",,,,2007-11-09T05:00:00,PRIVATE ACCESS,CARPENTER RD,STEELES AVE W,CARPENTER RD,3,SHOPPING CENTRE,1564,,32,York Centre(6),,,,Steeles Ave W And Carpenter Rd / Private Access @ Shopping Centre,North York,6003,STEELES AVE W
20967,13444138,Steeles Ave W,Hilda Ave,4,,,,,4,"{""type"": ""Point"", ""coordinates"": [-79.4292670008865, 43.7960070062936]}",,,,2007-11-09T05:00:00,,HILDA AVE,STEELES AVE W,HILDA AVE,4,,1115,,32,Willowdale(18),,,,Steeles Ave W And Hilda Ave,North York,6004,STEELES AVE W
20968,13451893,Albion Rd,Silverstone Dr,5,,,,,5,"{""type"": ""Point"", ""coordinates"": [-79.6000939933117, 43.7429520012624]}",,,,2007-11-09T05:00:00,,SILVERSTONE DR,ALBION RD,SILVERSTONE DR,5,,1156,,23,Etobicoke North(1),,,,Albion Rd And Silverstone Dr,Etobicoke York,6005,ALBION RD
20969,13459576,Dixon Rd,Kipling Ave,6,,,,,6,"{""type"": ""Point"", ""coordinates"": [-79.5586490059244, 43.6942490044885]}",,,,2008-03-18T04:00:00,,KIPLING AVE,DIXON RD,KIPLING AVE,6,,435,,23,Etobicoke North(1),,Etobicoke Centre(2),,Dixon Rd And Kipling Ave,Etobicoke York,6007,DIXON RD
20970,13448601,Steeles Ave W,Islington Ave,7,,,,,7,"{""type"": ""Point"", ""coordinates"": [-79.5748709931268, 43.7643430030644]}",,,,2008-10-28T04:00:00,,ISLINGTON AVE,STEELES AVE W,ISLINGTON AVE,7,,1208,,31,Humber River-Black Creek(7),,,,Steeles Ave W And Islington Ave,Etobicoke York,6008,STEELES AVE W
20971,13450231,Sheppard Ave W,Wilson Heights Blvd,8,,,,,8,"{""type"": ""Point"", ""coordinates"": [-79.4567510019211, 43.7516630010107]}",,,,2009-03-17T04:00:00,,WILSON HEIGHTS BLVD,SHEPPARD AVE W,WILSON HEIGHTS BLVD,8,,631,,32,York Centre(6),,,,Sheppard Ave W And Wilson Heights Blvd,North York,6009,SHEPPARD AVE W
20972,13449607,Bathurst St,Sheppard Ave W,9,,,,,9,"{""type"": ""Point"", ""coordinates"": [-79.4384810044369, 43.7554580028968]}",,,,2007-11-09T05:00:00,,SHEPPARD AVE W,BATHURST ST,SHEPPARD AVE W,9,,672,,32,York Centre(6),,,,Bathurst St And Sheppard Ave W,North York,6010,BATHURST ST
20973,13455749,Lawrence Ave W,Marlee Ave,10,,,,,10,"{""type"": ""Point"", ""coordinates"": [-79.4465200053405, 43.7156150035191]}",,13,,2008-03-19T04:00:00,PRIVATE ACCESS,MARLEE AVE,LAWRENCE AVE W,MARLEE AVE,10,LAWRENCE SQUARE ACCESS,425,,32,Eglinton-Lawrence(8),,,,Lawrence Ave W And Marlee Ave / Private Access @ Lawrence Square Access,North York,6011,LAWRENCE AVE W
20974,13455135,Bathurst St,Lawrence Ave W,11,,,,,11,"{""type"": ""Point"", ""coordinates"": [-79.4298159904052, 43.7192580018008]}",,13,53,2008-08-11T04:00:00,,LAWRENCE AVE W,BATHURST ST,LAWRENCE AVE W,11,,423,,32,Eglinton-Lawrence(8),,,,Bathurst St And Lawrence Ave W,North York,6012,BATHURST ST
20975,13444532,Bayview Ave,Cummer Ave,12,,,,,12,"{""type"": ""Point"", ""coordinates"": [-79.3935960040456, 43.7922969999153]}",,32,,2009-03-17T04:00:00,,CUMMER AVE,BAYVIEW AVE,CUMMER AVE,12,,651,,33,Willowdale(18),,Don Valley North(17),,Bayview Ave And Cummer Ave,North York,6013,BAYVIEW AVE
20976,13452717,Leslie St,Lawrence Ave E,13,,,,,13,"{""type"": ""Point"", ""coordinates"": [-79.3559789975746, 43.7345350020512]}",,,,2008-05-29T04:00:00,,LAWRENCE AVE E,LESLIE ST,LAWRENCE AVE E,13,,400,,33,Don Valley West(15),,Don Valley East(16),,Leslie St And Lawrence Ave E,North York,6015,LESLIE ST
20977,13449822,Leslie St,York Mills Rd,14,,,,,14,"{""type"": ""Point"", ""coordinates"": [-79.3599699911438, 43.7529540024844]}",,,,2009-08-05T04:00:00,,YORK MILLS RD,LESLIE ST,YORK MILLS RD,14,,755,,33,Don Valley West(15),,Don Valley East(16),,Leslie St And York Mills Rd,North York,6016,LESLIE ST
20978,13448765,Bayview Ave,Truman Rd,15,,,,,15,"{""type"": ""Point"", ""coordinates"": [-79.3866350029291, 43.7605860032119]}",,32,,2008-03-31T04:00:00,FIFESHIRE RD,TRUMAN RD,BAYVIEW AVE,TRUMAN RD,15,,1083,,33,Don Valley West(15),,,,Bayview Ave And Truman Rd / Fifeshire Rd,North York,6017,BAYVIEW AVE
20979,14038170,Midland Ave,McNicoll Ave,16,,,,,16,"{""type"": ""Point"", ""coordinates"": [-79.2922180081124, 43.8145780077135]}",,,,2008-10-09T04:00:00,,MCNICOLL AVE,MIDLAND AVE,MCNICOLL AVE,16,,1540,,42,Scarborough-Agincourt(22),,Scarborough North(23),,Midland Ave And Mcnicoll Ave,Scarborough,6018,MIDLAND AVE
20980,13441903,Steeles Ave E,Birchmount Rd,17,,,,,17,"{""type"": ""Point"", ""coordinates"": [-79.3169249962472, 43.8213920039946]}",,,,2009-03-17T04:00:00,,BIRCHMOUNT RD,STEELES AVE E,BIRCHMOUNT RD,17,,1363,,42,Scarborough-Agincourt(22),,,,Steeles Ave E And Birchmount Rd,Scarborough,6019,STEELES AVE E
20981,13446799,Warden Ave,Arkona Dr,18,,,,,18,"{""type"": ""Point"", ""coordinates"": [-79.3053560099501, 43.7730890055368]}",,,,2008-08-11T04:00:00,CLOVERLEAF GT,ARKONA DR,WARDEN AVE,ARKONA DR,18,,927,,42,Scarborough-Agincourt(22),,,,Warden Ave And Arkona Dr / Cloverleaf Gt,Scarborough,6020,WARDEN AVE
20982,13441677,Steeles Ave E,Brimley Rd,19,,,,,19,"{""type"": ""Point"", ""coordinates"": [-79.2872019971675, 43.8282939976019]}",,,,2008-05-29T04:00:00,,BRIMLEY RD,STEELES AVE E,BRIMLEY RD,19,,1491,,42,Scarborough North(23),,,,Steeles Ave E And Brimley Rd,Scarborough,6021,STEELES AVE E
20983,13465757,College St,Bathurst St,20,,,,,20,"{""type"": ""Point"", ""coordinates"": [-79.4077219983493, 43.656481004806004]}",,,,2008-08-11T04:00:00,,BATHURST ST,COLLEGE ST,BATHURST ST,20,,300,,14,University-Rosedale(11),,,,College St And Bathurst St,Toronto and East York,6022,COLLEGE ST
20984,13447211,Morningside Ave,Lawrence Ave E,21,,,,,21,"{""type"": ""Point"", ""coordinates"": [-79.1862250063822, 43.768408003812]}",,,,2008-08-11T04:00:00,,LAWRENCE AVE E,MORNINGSIDE AVE,LAWRENCE AVE E,21,,499,,43,Scarborough-Guildwood(24),,Scarborough-Rouge Park(25),,Morningside Ave And Lawrence Ave E,Scarborough,6023,MORNINGSIDE AVE
20985,13461025,Dixon Rd,Carlingview Dr,22,,,,,22,"{""type"": ""Point"", ""coordinates"": [-79.5955659976761, 43.6867570035774]}",,,,2009-03-19T04:00:00,,CARLINGVIEW DR,DIXON RD,CARLINGVIEW DR,22,,536,,23,Etobicoke North(1),,,,Dixon Rd And Carlingview Dr,Etobicoke York,6024,DIXON RD
20986,13457150,Dufferin St,Glencairn Ave,23,,,,,23,"{""type"": ""Point"", ""coordinates"": [-79.4531800071891, 43.706982004009]}",,,,2009-03-19T04:00:00,,GLENCAIRN AVE,DUFFERIN ST,GLENCAIRN AVE,23,,613,,13,Eglinton-Lawrence(8),,,,Dufferin St And Glencairn Ave,North York,6025,DUFFERIN ST
20987,13456854,Overlea Blvd,Thorncliffe Park Dr,24,,,,,24,"{""type"": ""Point"", ""coordinates"": [-79.3436250025507, 43.7074730060253]}",,,,2008-10-29T04:00:00,,THORNCLIFFE PARK DR,OVERLEA BLVD,THORNCLIFFE PARK DR,24,,679,EAST INTERSECTION,53,Don Valley West(15),,,,Overlea Blvd And Thorncliffe Park Dr,North York,6026,OVERLEA BLVD
20988,13447843,Kennedy Rd,Ellesmere Rd,25,,,,,25,"{""type"": ""Point"", ""coordinates"": [-79.2810780069511, 43.7658020019069]}",,,,2008-03-28T04:00:00,,ELLESMERE RD,KENNEDY RD,ELLESMERE RD,25,,696,,41,Scarborough Centre(21),,,,Kennedy Rd And Ellesmere Rd,Scarborough,6027,KENNEDY RD
20989,13444761,Leslie St,Finch Ave E,26,,,,,26,"{""type"": ""Point"", ""coordinates"": [-79.3680670004262, 43.7900119961954]}",,,,2008-10-21T04:00:00,,FINCH AVE E,LESLIE ST,FINCH AVE E,26,,868,,33,Don Valley North(17),,,,Leslie St And Finch Ave E,North York,6028,LESLIE ST
20990,13444601,Birchmount Rd,Huntingwood Dr,27,,,,,27,"{""type"": ""Point"", ""coordinates"": [-79.3022949978243, 43.79043999645231]}",,,,2009-03-17T04:00:00,,HUNTINGWOOD DR,BIRCHMOUNT RD,HUNTINGWOOD DR,27,,987,,42,Scarborough-Agincourt(22),,,,Birchmount Rd And Huntingwood Dr,Scarborough,6029,BIRCHMOUNT RD
20991,13443303,Kingston Rd,Port Union Rd,28,,,,,28,"{""type"": ""Point"", ""coordinates"": [-79.1462229994315, 43.7989240015282]}",,,,2008-03-18T04:00:00,SHEPPARD AVE E,PORT UNION RD,KINGSTON RD,PORT UNION RD,28,,1201,,42,Scarborough-Rouge Park(25),,,,Kingston Rd And Port Union Rd / Sheppard Ave E,Scarborough,6030,KINGSTON RD
20992,13468898,Bloor St W,The West Mall,29,,,,,29,"{""type"": ""Point"", ""coordinates"": [-79.5623179959463, 43.6356249939783]}",,,,2009-03-19T04:00:00,,THE WEST MALL,BLOOR ST W,THE WEST MALL,29,,793,,22,Etobicoke Centre(2),,,,Bloor St W And The West Mall,Etobicoke York,6031,BLOOR ST W
20993,13470138,The Queensway,The West Mall,30,,,,,30,"{""type"": ""Point"", ""coordinates"": [-79.56267699779691, 43.6123069968059]}",,,,2008-11-20T05:00:00,,THE WEST MALL,THE QUEENSWAY,THE WEST MALL,30,,912,,22,Etobicoke-Lakeshore(3),,,,The Queensway And The West Mall,Etobicoke York,6032,THE QUEENSWAY
20994,13470661,Lake Shore Blvd W,Thirty Seventh St,31,,,,,31,"{""type"": ""Point"", ""coordinates"": [-79.5381799940711, 43.5933960003353]}",,,,2009-03-19T04:00:00,PRIVATE ACCESS,THIRTY SEVENTH ST,LAKE SHORE BLVD W,THIRTY SEVENTH ST,31,,241,,22,Etobicoke-Lakeshore(3),,,,Lake Shore Blvd W And Thirty Seventh St / Private Access,Etobicoke York,6033,LAKE SHORE BLVD W
20995,13470261,Kipling Ave,Horner Ave,32,,,,,32,"{""type"": ""Point"", ""coordinates"": [-79.5207509976317, 43.6072009967797]}",,,,2008-03-19T04:00:00,,HORNER AVE,KIPLING AVE,HORNER AVE,32,,764,,22,Etobicoke-Lakeshore(3),,,,Kipling Ave And Horner Ave,Etobicoke York,6034,KIPLING AVE
20996,13470082,The Queensway,North Queen St,33,,,,,33,"{""type"": ""Point"", ""coordinates"": [-79.5561539918499, 43.6142170046664]}",,,,2009-04-02T04:00:00,PRIVATE ACCESS,NORTH QUEEN ST,THE QUEENSWAY,NORTH QUEEN ST,33,SHERWAY GARDENS,917,,22,Etobicoke-Lakeshore(3),,,,The Queensway And North Queen St / Private Access @ Sherway Gardens,Etobicoke York,6035,THE QUEENSWAY
20997,13453096,Wilson Ave,Transit Rd,34,,,,,34,"{""type"": ""Point"", ""coordinates"": [-79.4528629934421, 43.7333830014361]}",,,,2009-08-21T04:00:00,BILLY BISHOP WAY,TRANSIT RD,WILSON AVE,TRANSIT RD,34,,1237,WILSON STN ENTRANCE,32,York Centre(6),,,,Wilson Ave And Transit Rd / Billy Bishop Way,North York,6036,WILSON AVE
20998,13468807,Lake Shore Blvd W,Windermere Ave,35,,,,,35,"{""type"": ""Point"", ""coordinates"": [-79.46814699688, 43.6351890029381]}",,,,2008-05-29T04:00:00,PRIVATE ACCESS,WINDERMERE AVE,LAKE SHORE BLVD W,WINDERMERE AVE,35,,229,,11,Parkdale-High Park(4),,,,Lake Shore Blvd W And Windermere Ave / Private Access,Toronto and East York,6037,LAKE SHORE BLVD W
20999,13442867,Warden Ave,McNicoll Ave,36,,,,,36,"{""type"": ""Point"", ""coordinates"": [-79.3209749936509, 43.8063490021709]}",,,,2009-03-17T04:00:00,,MCNICOLL AVE,WARDEN AVE,MCNICOLL AVE,36,,1287,,42,Scarborough-Agincourt(22),,,,Warden Ave And Mcnicoll Ave,Scarborough,6038,WARDEN AVE
21000,13454197,Keele St,Wilson Ave,37,,,,,37,"{""type"": ""Point"", ""coordinates"": [-79.4820690045095, 43.7266419991172]}",,,,2008-05-29T04:00:00,,WILSON AVE,KEELE ST,WILSON AVE,37,,597,,31,York Centre(6),,,,Keele St And Wilson Ave,North York,6039,KEELE ST
21001,13464191,Lansdowne Ave,Dupont St,38,,,,,38,"{""type"": ""Point"", ""coordinates"": [-79.44646099433211, 43.66672500026281]}",,,,2008-03-26T04:00:00,,DUPONT ST,LANSDOWNE AVE,DUPONT ST,38,,844,,11,Davenport(9),,,,Lansdowne Ave And Dupont St,Toronto and East York,6040,LANSDOWNE AVE
21002,13468197,Queen St W,Lansdowne Ave,39,,,,,39,"{""type"": ""Point"", ""coordinates"": [-79.4369899986827, 43.6405599995531]}",,14,,2009-01-21T05:00:00,JAMESON AVE,LANSDOWNE AVE,QUEEN ST W,LANSDOWNE AVE,39,,1981,,11,Parkdale-High Park(4),,,,Queen St W And Lansdowne Ave / Jameson Ave,Toronto and East York,6041,QUEEN ST W
21003,13467689,Burnhamthorpe Rd,The East Mall,40,,,,,40,"{""type"": ""Point"", ""coordinates"": [-79.5599919958505, 43.646303004340304]}",,,,2008-03-26T04:00:00,,THE EAST MALL,BURNHAMTHORPE RD,THE EAST MALL,40,,948,,22,Etobicoke Centre(2),,,,Burnhamthorpe Rd And The East Mall,Etobicoke York,6042,BURNHAMTHORPE RD
21004,13451388,Keele St,Sheppard Ave W,41,,,,,41,"{""type"": ""Point"", ""coordinates"": [-79.4864519947699, 43.7447770044339]}",,,,2009-03-17T04:00:00,,SHEPPARD AVE W,KEELE ST,SHEPPARD AVE W,41,,600,,31,York Centre(6),,,,Keele St And Sheppard Ave W,North York,6043,KEELE ST
21005,13460183,Jane St,Bala Ave,42,,,,,42,"{""type"": ""Point"", ""coordinates"": [-79.5006009970776, 43.6901420045761]}",,,,2008-05-16T04:00:00,EMMETT AVE,BALA AVE,JANE ST,BALA AVE,42,,1317,,12,York South-Weston(5),,,,Jane St And Bala Ave / Emmett Ave,Etobicoke York,6045,JANE ST
21006,13451997,Jane St,Clair Rd,43,,,,,43,"{""type"": ""Point"", ""coordinates"": [-79.5136850048347, 43.74124000574]}",,,,2008-10-09T04:00:00,SPENVALLEY DR,CLAIR RD,JANE ST,CLAIR RD,43,,1127,,31,Humber River-Black Creek(7),,,,Jane St And Clair Rd / Spenvalley Dr,Etobicoke York,6046,JANE ST
21007,,,,44,,,,,44,"{""type"": ""Point"", ""coordinates"": [-79.3074270054452, 43.7124530074629]}",,,,2008-08-11T04:00:00,YARDLEY AVE,BERMONDSEY RD,O CONNOR DR,BERMONDSEY RD,44,,448,,54,Beaches-East York(19),,,,O Connor Dr And Bermondsey Rd / Yardley Ave,Toronto and East York,6047,O CONNOR DR
21008,13458312,Danforth Ave,Birchmount Rd,45,,,,,45,"{""type"": ""Point"", ""coordinates"": [-79.2639990061325, 43.6969930097833]}",,,,2009-04-01T04:00:00,,BIRCHMOUNT RD,DANFORTH AVE,BIRCHMOUNT RD,45,,359,,41,Scarborough Southwest(20),,,,Danforth Ave And Birchmount Rd,Scarborough,6048,DANFORTH AVE
21009,13460559,Islington Ave,The Westway,46,,,,,46,"{""type"": ""Point"", ""coordinates"": [-79.5428729970172, 43.6886200015324]}",,,,2008-12-10T05:00:00,,THE WESTWAY,ISLINGTON AVE,THE WESTWAY,46,,711,,23,Etobicoke Centre(2),,,,Islington Ave And The Westway,Etobicoke York,6049,ISLINGTON AVE
21010,13462422,Bathurst St,Davenport Rd,47,,,,,47,"{""type"": ""Point"", ""coordinates"": [-79.415786001934, 43.6767300085459]}",,,,2009-03-18T04:00:00,,DAVENPORT RD,BATHURST ST,DAVENPORT RD,47,,384,,13,Toronto-St. Paul's(12),,,,Bathurst St And Davenport Rd,Toronto and East York,6050,BATHURST ST
21011,13454488,Warden Ave,Comstock Rd,48,,,,,48,"{""type"": ""Point"", ""coordinates"": [-79.2849930048744, 43.7215320000156]}",,,,2008-10-28T04:00:00,,COMSTOCK RD,WARDEN AVE,COMSTOCK RD,48,,690,,41,Scarborough Southwest(20),,,,Warden Ave And Comstock Rd,Scarborough,6051,WARDEN AVE
21012,13464080,Eastern Ave,Lower Coxwell Ave,49,,,,,49,"{""type"": ""Point"", ""coordinates"": [-79.3162150008697, 43.6654930038606]}",,,,2009-08-13T04:00:00,,LOWER COXWELL AVE,EASTERN AVE,LOWER COXWELL AVE,49,,301,,55,Toronto-Danforth(14),,Beaches-East York(19),,Eastern Ave And Lower Coxwell Ave,Toronto and East York,6053,EASTERN AVE
21013,13446743,Midland Ave,Progress Ave,50,,,,,50,"{""type"": ""Point"", ""coordinates"": [-79.2729859942398, 43.7729650001435]}",,,,2009-04-16T04:00:00,,PROGRESS AVE,MIDLAND AVE,PROGRESS AVE,50,,691,,41,Scarborough Centre(21),,,,Midland Ave And Progress Ave,Scarborough,6055,MIDLAND AVE
21014,13448868,Lawrence Ave E,Bellamy Rd N,51,,,,,51,"{""type"": ""Point"", ""coordinates"": [-79.2352669931062, 43.757721009063]}",,,,2009-04-01T04:00:00,,BELLAMY RD N,LAWRENCE AVE E,BELLAMY RD N,51,,416,,43,Scarborough Centre(21),,Scarborough-Guildwood(24),,Lawrence Ave E And Bellamy Rd N,Scarborough,6056,LAWRENCE AVE E
21015,13456762,Danforth Rd,Birchmount Rd,52,,,,,52,"{""type"": ""Point"", ""coordinates"": [-79.2681300060353, 43.7069980024562]}",,,,2010-02-25T05:00:00,,BIRCHMOUNT RD,DANFORTH RD,BIRCHMOUNT RD,52,,417,,41,Scarborough Southwest(20),,,,Danforth Rd And Birchmount Rd,Scarborough,6058,DANFORTH RD
21016,13454486,St Clair Ave E,Brimley Rd,53,,,,,53,"{""type"": ""Point"", ""coordinates"": [-79.241447998072, 43.72087500561581]}",,43,,2009-08-21T04:00:00,,BRIMLEY RD,ST CLAIR AVE E,BRIMLEY RD,53,,497,,41,Scarborough Southwest(20),,,,St Clair Ave E And Brimley Rd,Scarborough,6059,ST CLAIR AVE E
21017,13456952,Keele St,Lawrence Ave W,54,,,,,54,"{""type"": ""Point"", ""coordinates"": [-79.4780619980855, 43.70865900724171]}",,,,2009-03-19T04:00:00,,LAWRENCE AVE W,KEELE ST,LAWRENCE AVE W,54,,428,,12,York South-Weston(5),,,,Keele St And Lawrence Ave W,Etobicoke York,6060,KEELE ST
21018,13464908,Bloor St W,Ossington Ave,55,,,,,55,"{""type"": ""Point"", ""coordinates"": [-79.4256589977268, 43.6619839983533]}",,,,2011-11-22T05:00:00,,OSSINGTON AVE,BLOOR ST W,OSSINGTON AVE,55,,341,,14,Davenport(9),,University-Rosedale(11),,Bloor St W And Ossington Ave,Toronto and East York,6061,BLOOR ST W
21019,13461356,Danforth Ave,Greenwood Ave,56,,,,,56,"{""type"": ""Point"", ""coordinates"": [-79.3323819969191, 43.6814840035033]}",,55,,2010-01-07T05:00:00,,GREENWOOD AVE,DANFORTH AVE,GREENWOOD AVE,56,,348,,54,Toronto-Danforth(14),,,,Danforth Ave And Greenwood Ave,Toronto and East York,6062,DANFORTH AVE
21020,13463494,Queen St E,Woodbine Ave,57,,,,,57,"{""type"": ""Point"", ""coordinates"": [-79.3057750019252, 43.6687570069778]}",,,,2009-08-06T04:00:00,,WOODBINE AVE,QUEEN ST E,WOODBINE AVE,57,,548,,55,Beaches-East York(19),,,,Queen St E And Woodbine Ave,Toronto and East York,6063,QUEEN ST E
21021,13466630,King St E,Jarvis St,58,,,,,58,"{""type"": ""Point"", ""coordinates"": [-79.3719129962965, 43.6504630011365]}",,,,2009-08-06T04:00:00,,JARVIS ST,KING ST E,JARVIS ST,58,,3,,51,Toronto Centre(13),,,,King St E And Jarvis St,Toronto and East York,6064,KING ST E
21022,13465164,Lake Shore Blvd E,Leslie St,59,,,,,59,"{""type"": ""Point"", ""coordinates"": [-79.3284359942956, 43.6592350040891]}",,,,2009-08-06T04:00:00,,LESLIE ST,LAKE SHORE BLVD E,LESLIE ST,59,,206,,55,Toronto-Danforth(14),,,,Lake Shore Blvd E And Leslie St,Toronto and East York,6065,LAKE SHORE BLVD E
21023,13467011,Lower Jarvis St,The Esplanade,60,,,,,60,"{""type"": ""Point"", ""coordinates"": [-79.3709320014031, 43.6482249963251]}",,,,2009-08-06T04:00:00,,THE ESPLANADE,LOWER JARVIS ST,THE ESPLANADE,60,,1392,,51,Spadina-Fort York(10),,Toronto Centre(13),,Lower Jarvis St And The Esplanade,Toronto and East York,6066,LOWER JARVIS ST
21024,13465837,Lake Shore Blvd E,Carlaw Ave,61,,,,,61,"{""type"": ""Point"", ""coordinates"": [-79.3374340022338, 43.6549600017234]}",,,,2009-08-06T04:00:00,,CARLAW AVE,LAKE SHORE BLVD E,CARLAW AVE,61,,207,,55,Toronto-Danforth(14),,,,Lake Shore Blvd E And Carlaw Ave,Toronto and East York,6067,LAKE SHORE BLVD E
21025,13461587,Rogers Rd,Keele St,62,,,,,62,"{""type"": ""Point"", ""coordinates"": [-79.47159799794892, 43.6821360027129]}",,,,2009-09-08T04:00:00,,KEELE ST,ROGERS RD,KEELE ST,62,,394,,12,York South-Weston(5),,,,Rogers Rd And Keele St,Etobicoke York,6068,ROGERS RD
21026,13465876,Dundas St W,Bloor St W,63,,,,,63,"{""type"": ""Point"", ""coordinates"": [-79.4524529944122, 43.6563210073069]}",,,,2009-08-11T04:00:00,,BLOOR ST W,DUNDAS ST W,BLOOR ST W,63,,327,,11,Parkdale-High Park(4),,,,Dundas St W And Bloor St W,Toronto and East York,6069,DUNDAS ST W
21027,,,,64,,,,,64,"{""type"": ""Point"", ""coordinates"": [-79.4021950065855, 43.7251010003172]}",,53,,2009-08-05T04:00:00,,LAWRENCE AVE,YONGE ST,LAWRENCE AVE,64,,55,,32,Eglinton-Lawrence(8),,Don Valley West(15),,Yonge St And Lawrence Ave,North York,6070,YONGE ST
21028,13457863,Eglinton Ave W,Spadina Rd,65,,,,,65,"{""type"": ""Point"", ""coordinates"": [-79.4191080086644, 43.7023509956489]}",,53,,2010-01-07T05:00:00,,SPADINA RD,EGLINTON AVE W,SPADINA RD,65,,99,,13,Eglinton-Lawrence(8),,Toronto-St. Paul's(12),,Eglinton Ave W And Spadina Rd,North York,6072,EGLINTON AVE W
21029,13452266,Lawrence Ave E,Don Mills Rd,66,,,,,66,"{""type"": ""Point"", ""coordinates"": [-79.3434479955005, 43.7371730050547]}",,,,2009-09-10T04:00:00,,DON MILLS RD,LAWRENCE AVE E,DON MILLS RD,66,,402,,33,Don Valley East(16),,,,Lawrence Ave E And Don Mills Rd,North York,6074,LAWRENCE AVE E
21030,13443509,Neilson Rd,Sheppard Ave E,67,,,,,67,"{""type"": ""Point"", ""coordinates"": [-79.2176650080531, 43.7981220089414]}",,,,2009-08-04T04:00:00,,SHEPPARD AVE E,NEILSON RD,SHEPPARD AVE E,67,,1222,,42,Scarborough North(23),,Scarborough-Rouge Park(25),,Neilson Rd And Sheppard Ave E,Scarborough,6075,NEILSON RD
21031,13443955,Sheppard Ave E,Malvern St,68,,,,,68,"{""type"": ""Point"", ""coordinates"": [-79.2349310078247, 43.7946620094042]}",,,,2009-08-04T04:00:00,PROGRESS AVE,MALVERN ST,SHEPPARD AVE E,MALVERN ST,68,,1568,,42,Scarborough North(23),,,,Sheppard Ave E And Malvern St / Progress Ave,Scarborough,6076,SHEPPARD AVE E
21032,13445757,Ellesmere Rd,Military Trl,69,,,,,69,"{""type"": ""Point"", ""coordinates"": [-79.1883100064072, 43.7865780023884]}",,,,2009-08-05T04:00:00,,MILITARY TRL,ELLESMERE RD,MILITARY TRL,69,,1195,,43,Scarborough-Rouge Park(25),,,,Ellesmere Rd And Military Trl,Scarborough,6077,ELLESMERE RD
21033,14228400,Kennedy Rd,401 C E Kennedy Rd Ramp,70,,,,,70,"{""type"": ""Point"", ""coordinates"": [-79.2838680047475, 43.7731870021528]}",,,,2017-12-19T05:00:00,WILLIAM KITCHEN RD,401 C E KENNEDY RD RAMP,KENNEDY RD,401 C E KENNEDY RD RAMP,70,,920,HWY 401 SOUTH INTERSECTION,41,Scarborough Centre(21),,,,Kennedy Rd And 401 C E Kennedy Rd Ramp / William Kitchen Rd,Scarborough,6078,KENNEDY RD
21034,13466730,University Ave,Richmond St W,71,,,,,71,"{""type"": ""Point"", ""coordinates"": [-79.3862910070768, 43.6500869989537]}",,,,2017-07-24T04:00:00,,RICHMOND ST W,UNIVERSITY AVE,RICHMOND ST W,71,,79,,52,Spadina-Fort York(10),,,,University Ave And Richmond St W,Toronto and East York,6079,UNIVERSITY AVE
21035,13466117,Adelaide St E,Parliament St,72,,,,,72,"{""type"": ""Point"", ""coordinates"": [-79.3635979983947, 43.6535639991237]}",,,,2017-06-05T04:00:00,,PARLIAMENT ST,ADELAIDE ST E,PARLIAMENT ST,72,,214,,51,Toronto Centre(13),,,,Adelaide St E And Parliament St,Toronto and East York,6080,ADELAIDE ST E
21036,13466931,University Ave,Adelaide St W,73,,,,,73,"{""type"": ""Point"", ""coordinates"": [-79.3855560013834, 43.6488690023181]}",,,,2017-10-20T04:00:00,,ADELAIDE ST W,UNIVERSITY AVE,ADELAIDE ST W,73,,78,,52,Spadina-Fort York(10),,,,University Ave And Adelaide St W,Toronto and East York,6081,UNIVERSITY AVE
21037,13460075,Dixon Rd,Martin Grove Rd,74,,,,,74,"{""type"": ""Point"", ""coordinates"": [-79.5708379982085, 43.6915920028019]}",,,,2017-07-10T04:00:00,,MARTIN GROVE RD,DIXON RD,MARTIN GROVE RD,74,,437,,23,Etobicoke North(1),,Etobicoke Centre(2),,Dixon Rd And Martin Grove Rd,Etobicoke York,6082,DIXON RD
21038,13466604,University Ave,Queen St W,75,,,,,75,"{""type"": ""Point"", ""coordinates"": [-79.3866280046579, 43.6508519992253]}",,,,2017-08-31T04:00:00,,QUEEN ST W,UNIVERSITY AVE,QUEEN ST W,75,,80,,52,Spadina-Fort York(10),,,,University Ave And Queen St W,Toronto and East York,6083,UNIVERSITY AVE
21039,13454197,Keele St,Wilson Ave,76,,,,,76,"{""type"": ""Point"", ""coordinates"": [-79.4820690045095, 43.7266419991172]}",,,,2017-10-20T04:00:00,,WILSON AVE,KEELE ST,WILSON AVE,76,,597,,31,York Centre(6),,,,Keele St And Wilson Ave,North York,6084,KEELE ST
21040,13468307,Lake Shore Blvd W,Spadina Ave,77,,,,,77,"{""type"": ""Point"", ""coordinates"": [-79.3922259986906, 43.6384530045981]}",,52,,2017-08-08T04:00:00,LOWER SPADINA AVE,SPADINA AVE,LAKE SHORE BLVD W,SPADINA AVE,77,,215,E/B LAKE SHORE BLVD,14,Spadina-Fort York(10),,,,Lake Shore Blvd W And Spadina Ave / Lower Spadina Ave,Toronto and East York,6085,LAKE SHORE BLVD W
21041,13469683,Lake Shore Blvd W,Park Lawn Rd,78,,,,,78,"{""type"": ""Point"", ""coordinates"": [-79.4812110096601, 43.6229680112056]}",,,,2017-10-06T04:00:00,MARINE PARADE DR,PARK LAWN RD,LAKE SHORE BLVD W,PARK LAWN RD,78,,230,,22,Etobicoke-Lakeshore(3),,,,Lake Shore Blvd W And Park Lawn Rd / Marine Parade Dr,Etobicoke York,6086,LAKE SHORE BLVD W
21042,13447964,Sheppard Ave E,Bayview Ave,79,,,,,79,"{""type"": ""Point"", ""coordinates"": [-79.38805600118, 43.7665890046042]}",,32,,2017-07-14T04:00:00,,BAYVIEW AVE,SHEPPARD AVE E,BAYVIEW AVE,79,,648,,33,Willowdale(18),,Don Valley North(17),,Sheppard Ave E And Bayview Ave,North York,6087,SHEPPARD AVE E
21043,13447719,Steeles Ave W,Weston Rd,80,,,,,80,"{""type"": ""Point"", ""coordinates"": [-79.5465260053289, 43.7702810010402]}",,,,2017-10-30T04:00:00,,WESTON RD,STEELES AVE W,WESTON RD,80,,1289,,31,Humber River-Black Creek(7),,,,Steeles Ave W And Weston Rd,Etobicoke York,6088,STEELES AVE W
21044,13448786,Lawrence Ave E,Greencedar Crct,81,,,,,81,"{""type"": ""Point"", ""coordinates"": [-79.2330769989999, 43.7581840043566]}",,,,2017-03-10T05:00:00,GREENBRAE CRCT,GREENCEDAR CRCT,LAWRENCE AVE E,GREENCEDAR CRCT,81,,419,,43,Scarborough-Guildwood(24),,,,Lawrence Ave E And Greencedar Crct / Greenbrae Crct,Scarborough,6089,LAWRENCE AVE E
21045,13443562,Finch Ave E,Birchmount Rd,82,,,,,82,"{""type"": ""Point"", ""coordinates"": [-79.3059809951566, 43.7989979995184]}",,,,2017-03-10T05:00:00,,BIRCHMOUNT RD,FINCH AVE E,BIRCHMOUNT RD,82,,1138,,42,Scarborough-Agincourt(22),,,,Finch Ave E And Birchmount Rd,Scarborough,6090,FINCH AVE E
21046,13468751,Bloor St W,The East Mall,83,,,,,83,"{""type"": ""Point"", ""coordinates"": [-79.5567089997178, 43.6369290009577]}",,,,2017-12-19T05:00:00,,THE EAST MALL,BLOOR ST W,THE EAST MALL,83,,792,,22,Etobicoke Centre(2),,Etobicoke-Lakeshore(3),,Bloor St W And The East Mall,Etobicoke York,6092,BLOOR ST W
21047,13455040,Wilson Ave,Jane St,84,,,,,84,"{""type"": ""Point"", ""coordinates"": [-79.5086339938217, 43.7209150020263]}",,,,2017-03-09T05:00:00,,JANE ST,WILSON AVE,JANE ST,84,,532,,31,Humber River-Black Creek(7),,York Centre(6),,Wilson Ave And Jane St,Etobicoke York,6094,WILSON AVE
21048,13442867,Warden Ave,McNicoll Ave,85,,,,,85,"{""type"": ""Point"", ""coordinates"": [-79.3209749936509, 43.8063490021709]}",,,,2017-03-10T05:00:00,,MCNICOLL AVE,WARDEN AVE,MCNICOLL AVE,85,,1287,,42,Scarborough-Agincourt(22),,,,Warden Ave And Mcnicoll Ave,Scarborough,6095,WARDEN AVE
21049,13446042,Steeles Ave W,Keele St,86,,,,,86,"{""type"": ""Point"", ""coordinates"": [-79.49450599924522, 43.7815790029302]}",,,,2017-03-10T05:00:00,,KEELE ST,STEELES AVE W,KEELE ST,86,,602,,31,Humber River-Black Creek(7),,York Centre(6),,Steeles Ave W And Keele St,Etobicoke York,6097,STEELES AVE W
21050,13467345,University Ave,Wellington St W,87,,,,,87,"{""type"": ""Point"", ""coordinates"": [-79.3840989922877, 43.64638300468851]}",,,,2017-09-06T04:00:00,,WELLINGTON ST W,UNIVERSITY AVE,WELLINGTON ST W,87,,76,,52,Spadina-Fort York(10),,,,University Ave And Wellington St W,Toronto and East York,6098,UNIVERSITY AVE
21051,13452362,Albion Rd,Kipling Ave,88,,,,,88,"{""type"": ""Point"", ""coordinates"": [-79.5804020028511, 43.7397240059444]}",,,,2017-07-10T04:00:00,,KIPLING AVE,ALBION RD,KIPLING AVE,88,,734,,23,Etobicoke North(1),,,,Albion Rd And Kipling Ave,Etobicoke York,6099,ALBION RD
21052,13469800,The Queensway,Kipling Ave,89,,,,,89,"{""type"": ""Point"", ""coordinates"": [-79.5267410052857, 43.6209179956827]}",,,,2018-09-05T04:00:00,,KIPLING AVE,THE QUEENSWAY,KIPLING AVE,89,,568,,22,Etobicoke-Lakeshore(3),,,,The Queensway And Kipling Ave,Etobicoke York,6100,THE QUEENSWAY
21053,13444088,Finch Ave E,Gordon Baker Rd,90,,,,,90,"{""type"": ""Point"", ""coordinates"": [-79.3412610045643, 43.7951470000125]}",,,,2017-11-30T05:00:00,FINCH E 404 N RAMP,GORDON BAKER RD,FINCH AVE E,GORDON BAKER RD,90,,1181,,33,Don Valley North(17),,,,Finch Ave E And Gordon Baker Rd / Finch E 404 N Ramp,North York,6101,FINCH AVE E
21054,13463674,Jarvis St,Isabella St,91,,,,,91,"{""type"": ""Point"", ""coordinates"": [-79.3794520049809, 43.6688930027192]}",,,,2017-03-13T04:00:00,,ISABELLA ST,JARVIS ST,ISABELLA ST,91,,12,,51,Toronto Centre(13),,,,Jarvis St And Isabella St,Toronto and East York,6102,JARVIS ST
21055,13452352,Danforth Rd,Brimley Rd,92,,,,,92,"{""type"": ""Point"", ""coordinates"": [-79.2473840010046, 43.7351730038106]}",,43,,2017-03-10T05:00:00,,BRIMLEY RD,DANFORTH RD,BRIMLEY RD,92,,378,,41,Scarborough Southwest(20),,,,Danforth Rd And Brimley Rd,Scarborough,6103,DANFORTH RD
21056,13464879,Dundas St E,River St,93,,,,,93,"{""type"": ""Point"", ""coordinates"": [-79.3581619936977, 43.6611979985476]}",,,,2017-07-10T04:00:00,,RIVER ST,DUNDAS ST E,RIVER ST,93,,293,,51,Toronto Centre(13),,,,Dundas St E And River St,Toronto and East York,6104,DUNDAS ST E
21057,13442036,McCowan Rd,McNicoll Ave,94,,,,,94,"{""type"": ""Point"", ""coordinates"": [-79.2719800057721, 43.8179410082595]}",,,,2017-03-14T04:00:00,,MCNICOLL AVE,MCCOWAN RD,MCNICOLL AVE,94,,1493,,42,Scarborough North(23),,,,Mccowan Rd And Mcnicoll Ave,Scarborough,6105,MCCOWAN RD
21058,13463362,St Clair Ave W,Gunns Rd,95,,,,,95,"{""type"": ""Point"", ""coordinates"": [-79.4711240063789, 43.6717810093395]}",,11,,2017-07-10T04:00:00,OLD STOCK YARDS RD,GUNNS RD,ST CLAIR AVE W,GUNNS RD,95,HOME DEPOT ENTRANCE,1404,,12,York South-Weston(5),,,,St Clair Ave W And Gunns Rd / Old Stock Yards Rd @ Home Depot Entrance,Etobicoke York,6106,ST CLAIR AVE W
21059,13467505,Spadina Ave,King St W,96,,,,,96,"{""type"": ""Point"", ""coordinates"": [-79.3950459963437, 43.6454700030013]}",,52,,2017-11-03T04:00:00,,KING ST W,SPADINA AVE,KING ST W,96,,273,,14,Spadina-Fort York(10),,,,Spadina Ave And King St W,Toronto and East York,6107,SPADINA AVE
21060,13444619,Sheppard Ave E,McCowan Rd,97,,,,,97,"{""type"": ""Point"", ""coordinates"": [-79.2588380089157, 43.7896200075726]}",,,,2017-03-10T05:00:00,,MCCOWAN RD,SHEPPARD AVE E,MCCOWAN RD,97,,938,,42,Scarborough North(23),,,,Sheppard Ave E And Mccowan Rd,Scarborough,6108,SHEPPARD AVE E
21061,13466241,King St E,Parliament St,98,,,,,98,"{""type"": ""Point"", ""coordinates"": [-79.3632450108231, 43.6527289986933]}",,,,2017-03-10T05:00:00,,PARLIAMENT ST,KING ST E,PARLIAMENT ST,98,,245,,51,Toronto Centre(13),,,,King St E And Parliament St,Toronto and East York,6109,KING ST E
21062,13456327,Rexdale Blvd,Martin Grove Rd,99,,,,,99,"{""type"": ""Point"", ""coordinates"": [-79.581117010177, 43.7138439993169]}",,,,2017-04-11T04:00:00,,MARTIN GROVE RD,REXDALE BLVD,MARTIN GROVE RD,99,,790,,23,Etobicoke North(1),,,,Rexdale Blvd And Martin Grove Rd,Etobicoke York,6110,REXDALE BLVD
21063,13469998,The Queensway,The East Mall,100,,,,,100,"{""type"": ""Point"", ""coordinates"": [-79.5462869918465, 43.6164190042953]}",,,,2017-10-06T04:00:00,,THE EAST MALL,THE QUEENSWAY,THE EAST MALL,100,,911,,22,Etobicoke-Lakeshore(3),,,,The Queensway And The East Mall,Etobicoke York,6111,THE QUEENSWAY
21064,13460975,St Clair Ave W,Spadina Rd,101,,,,,101,"{""type"": ""Point"", ""coordinates"": [-79.4111690060153, 43.6846250039646]}",,53,,2017-07-14T04:00:00,,SPADINA RD,ST CLAIR AVE W,SPADINA RD,101,,479,,13,Toronto-St. Paul's(12),,,,St Clair Ave W And Spadina Rd,Toronto and East York,6112,ST CLAIR AVE W
21065,13447779,Dufferin St,Finch Ave W,102,,,,,102,"{""type"": ""Point"", ""coordinates"": [-79.4669269987134, 43.768852005786904]}",,,,2017-06-05T04:00:00,,FINCH AVE W,DUFFERIN ST,FINCH AVE W,102,,618,,32,York Centre(6),,,,Dufferin St And Finch Ave W,North York,6113,DUFFERIN ST
21066,13469914,Islington Ave,Evans Ave,103,,,,,103,"{""type"": ""Point"", ""coordinates"": [-79.5113280068698, 43.61839300207511]}",,,,2017-06-05T04:00:00,,EVANS AVE,ISLINGTON AVE,EVANS AVE,103,,775,,22,Etobicoke-Lakeshore(3),,,,Islington Ave And Evans Ave,Etobicoke York,6114,ISLINGTON AVE
21067,13463137,Eglinton Ave W,Martin Grove Rd,104,,,,,104,"{""type"": ""Point"", ""coordinates"": [-79.5631760034985, 43.6744770028432]}",,22,,2017-07-10T04:00:00,,MARTIN GROVE RD,EGLINTON AVE W,MARTIN GROVE RD,104,,786,,23,Etobicoke North(1),,Etobicoke Centre(2),,Eglinton Ave W And Martin Grove Rd,Etobicoke York,6115,EGLINTON AVE W
21068,13442866,Finch Ave E,Brimley Rd,105,,,,,105,"{""type"": ""Point"", ""coordinates"": [-79.2773999905335, 43.8057060076328]}",,,,2017-03-10T05:00:00,,BRIMLEY RD,FINCH AVE E,BRIMLEY RD,105,,1178,,42,Scarborough North(23),,,,Finch Ave E And Brimley Rd,Scarborough,6116,FINCH AVE E
21069,13468970,Lake Shore Blvd W,Jameson Ave,106,,,,,106,"{""type"": ""Point"", ""coordinates"": [-79.43456300188022, 43.6333410037216]}",,,,2017-07-10T04:00:00,,JAMESON AVE,LAKE SHORE BLVD W,JAMESON AVE,106,,224,,14,Parkdale-High Park(4),,,,Lake Shore Blvd W And Jameson Ave,Toronto and East York,6117,LAKE SHORE BLVD W
21070,13452053,Eglinton Ave E,Danforth Rd,107,,,,,107,"{""type"": ""Point"", ""coordinates"": [-79.2461639921163, 43.7370970034513]}",,,,2017-03-10T05:00:00,,DANFORTH RD,EGLINTON AVE E,DANFORTH RD,107,,379,,43,Scarborough Centre(21),,Scarborough Southwest(20),,Eglinton Ave E And Danforth Rd,Scarborough,6118,EGLINTON AVE E
21071,13442522,Neilson Rd,McLevin Ave,108,,,,,108,"{""type"": ""Point"", ""coordinates"": [-79.2216579986745, 43.8091730021276]}",,,,2017-06-05T04:00:00,,MCLEVIN AVE,NEILSON RD,MCLEVIN AVE,108,,1339,,42,Scarborough North(23),,Scarborough-Rouge Park(25),,Neilson Rd And Mclevin Ave,Scarborough,6119,NEILSON RD
21072,13467394,Simcoe St,Wellington St W,109,,,,,109,"{""type"": ""Point"", ""coordinates"": [-79.3855610005702, 43.6460530112796]}",,,,2017-08-08T04:00:00,,WELLINGTON ST W,SIMCOE ST,WELLINGTON ST W,109,,264,,52,Spadina-Fort York(10),,,,Simcoe St And Wellington St W,Toronto and East York,6120,SIMCOE ST
21073,13448840,Jane St,Stong Crt,110,,,,,110,"{""type"": ""Point"", ""coordinates"": [-79.518821999491, 43.7619170059083]}",,,,2017-10-20T04:00:00,YORK GATE BLVD,STONG CRT,JANE ST,STONG CRT,110,,972,,31,Humber River-Black Creek(7),,,,Jane St And Stong Crt / York Gate Blvd,Etobicoke York,6121,JANE ST
21074,13446514,Ellesmere Rd,Bellamy Rd N,111,,,,,111,"{""type"": ""Point"", ""coordinates"": [-79.2417590066978, 43.774333999948205]}",,,,2017-03-10T05:00:00,,BELLAMY RD N,ELLESMERE RD,BELLAMY RD N,111,,700,,43,Scarborough-Guildwood(24),,,,Ellesmere Rd And Bellamy Rd N,Scarborough,6122,ELLESMERE RD
21075,13450163,Lawrence Ave E,Kennedy Rd,112,,,,,112,"{""type"": ""Point"", ""coordinates"": [-79.2749340070665, 43.7494969990726]}",,,,2017-03-10T05:00:00,,KENNEDY RD,LAWRENCE AVE E,KENNEDY RD,112,,412,,41,Scarborough Centre(21),,,,Lawrence Ave E And Kennedy Rd,Scarborough,6123,LAWRENCE AVE E
21076,13454488,Warden Ave,Comstock Rd,113,,,,,113,"{""type"": ""Point"", ""coordinates"": [-79.2849930048744, 43.7215320000156]}",,,,2017-03-10T05:00:00,,COMSTOCK RD,WARDEN AVE,COMSTOCK RD,113,,690,,41,Scarborough Southwest(20),,,,Warden Ave And Comstock Rd,Scarborough,6124,WARDEN AVE
21077,13443955,Sheppard Ave E,Malvern St,114,,,,,114,"{""type"": ""Point"", ""coordinates"": [-79.2349310078247, 43.7946620094042]}",,,,2017-05-03T04:00:00,PROGRESS AVE,MALVERN ST,SHEPPARD AVE E,MALVERN ST,114,,1568,,42,Scarborough North(23),,,,Sheppard Ave E And Malvern St / Progress Ave,Scarborough,6125,SHEPPARD AVE E
21078,13456668,Rexdale Blvd,Kipling Ave,115,,,,,115,"{""type"": ""Point"", ""coordinates"": [-79.5667019990785, 43.7117030085107]}",,,,2017-10-20T04:00:00,,KIPLING AVE,REXDALE BLVD,KIPLING AVE,115,,732,,23,Etobicoke North(1),,,,Rexdale Blvd And Kipling Ave,Etobicoke York,6126,REXDALE BLVD
21079,13458367,Weston Rd,Lawrence Ave W,116,,,,,116,"{""type"": ""Point"", ""coordinates"": [-79.5162009996174, 43.7001579982337]}",,,,2017-10-20T04:00:00,,LAWRENCE AVE W,WESTON RD,LAWRENCE AVE W,116,,431,,12,York South-Weston(5),,,,Weston Rd And Lawrence Ave W,Etobicoke York,6127,WESTON RD
21080,13452733,Islington Ave,Albion Rd,117,,,,,117,"{""type"": ""Point"", ""coordinates"": [-79.5653050069778, 43.7372359965559]}",,,,2017-06-19T04:00:00,,ALBION RD,ISLINGTON AVE,ALBION RD,117,,717,,23,Etobicoke North(1),,,,Islington Ave And Albion Rd,Etobicoke York,6128,ISLINGTON AVE
21081,13469672,The Queensway,Islington Ave,118,,,,,118,"{""type"": ""Point"", ""coordinates"": [-79.514782999002, 43.6235920006623]}",,,,2018-02-16T05:00:00,,ISLINGTON AVE,THE QUEENSWAY,ISLINGTON AVE,118,,567,,22,Etobicoke-Lakeshore(3),,,,The Queensway And Islington Ave,Etobicoke York,6129,THE QUEENSWAY
21082,,,,119,,,,,119,"{""type"": ""Point"", ""coordinates"": [-79.4200839983511, 43.7979990068179]}",,,,2017-08-11T04:00:00,,STEELES AVE,YONGE ST,STEELES AVE,119,,131,,32,Willowdale(18),,,,Yonge St And Steeles Ave,North York,6130,YONGE ST
21083,13463893,St Clair Ave W,Runnymede Rd,120,,,,,120,"{""type"": ""Point"", ""coordinates"": [-79.4835639906144, 43.6689929996743]}",,11,,2017-08-11T04:00:00,,RUNNYMEDE RD,ST CLAIR AVE W,RUNNYMEDE RD,120,,494,,12,York South-Weston(5),,,,St Clair Ave W And Runnymede Rd,Etobicoke York,6131,ST CLAIR AVE W
21084,13453141,Warden Ave,Ashtonbee Rd,121,,,,,121,"{""type"": ""Point"", ""coordinates"": [-79.2887619943645, 43.7307110016848]}",,,,2017-03-13T04:00:00,,ASHTONBEE RD,WARDEN AVE,ASHTONBEE RD,121,,1377,,41,Scarborough Centre(21),,,,Warden Ave And Ashtonbee Rd,Scarborough,6132,WARDEN AVE
21085,13456952,Keele St,Lawrence Ave W,122,,,,,122,"{""type"": ""Point"", ""coordinates"": [-79.4780619980855, 43.70865900724171]}",,,,2017-08-11T04:00:00,,LAWRENCE AVE W,KEELE ST,LAWRENCE AVE W,122,,428,,12,York South-Weston(5),,,,Keele St And Lawrence Ave W,Etobicoke York,6134,KEELE ST
21086,13442651,Birchmount Rd,McNicoll Ave,123,,,,,123,"{""type"": ""Point"", ""coordinates"": [-79.31116799788231, 43.8086369998735]}",,,,2017-08-11T04:00:00,,MCNICOLL AVE,BIRCHMOUNT RD,MCNICOLL AVE,123,,1413,,42,Scarborough-Agincourt(22),,,,Birchmount Rd And Mcnicoll Ave,Scarborough,6135,BIRCHMOUNT RD
21087,13442502,Finch Ave E,Middlefield Rd,124,,,,,124,"{""type"": ""Point"", ""coordinates"": [-79.2576989968394, 43.8098879984202]}",,,,2017-03-24T04:00:00,,MIDDLEFIELD RD,FINCH AVE E,MIDDLEFIELD RD,124,,1431,,42,Scarborough North(23),,,,Finch Ave E And Middlefield Rd,Scarborough,6136,FINCH AVE E
21088,13459022,Dixon Rd,Islington Ave,125,,,,,125,"{""type"": ""Point"", ""coordinates"": [-79.5467310031199, 43.6970490024325]}",,,,2017-12-19T05:00:00,,ISLINGTON AVE,DIXON RD,ISLINGTON AVE,125,,434,,23,Etobicoke North(1),,Etobicoke Centre(2),,Dixon Rd And Islington Ave,Etobicoke York,6137,DIXON RD
21089,13468134,Spadina Ave,Bremner Blvd,126,,,,,126,"{""type"": ""Point"", ""coordinates"": [-79.39300400153301, 43.6405620021071]}",,52,,2017-09-28T04:00:00,FORT YORK BLVD,BREMNER BLVD,SPADINA AVE,BREMNER BLVD,126,,1579,,14,Spadina-Fort York(10),,,,Spadina Ave And Bremner Blvd / Fort York Blvd,Toronto and East York,6138,SPADINA AVE
21090,13469508,The Queensway,Royal York Rd,127,,,,,127,"{""type"": ""Point"", ""coordinates"": [-79.5026320022918, 43.6263360042642]}",,,,2017-06-05T04:00:00,,ROYAL YORK RD,THE QUEENSWAY,ROYAL YORK RD,127,,565,,22,Etobicoke-Lakeshore(3),,,,The Queensway And Royal York Rd,Etobicoke York,6139,THE QUEENSWAY
21091,13468803,Lake Shore Blvd W,Strachan Ave,128,,,,,128,"{""type"": ""Point"", ""coordinates"": [-79.4087450089457, 43.6344420021957]}",,,,2017-10-06T04:00:00,REMEMBRANCE DR,STRACHAN AVE,LAKE SHORE BLVD W,STRACHAN AVE,128,,222,,14,Spadina-Fort York(10),,,,Lake Shore Blvd W And Strachan Ave / Remembrance Dr,Toronto and East York,6140,LAKE SHORE BLVD W
21092,13448547,Lawrence Ave E,Markham Rd,129,,,,,129,"{""type"": ""Point"", ""coordinates"": [-79.2253240008177, 43.7598219974576]}",,,,2017-03-24T04:00:00,,MARKHAM RD,LAWRENCE AVE E,MARKHAM RD,129,,420,,43,Scarborough-Guildwood(24),,,,Lawrence Ave E And Markham Rd,Scarborough,6141,LAWRENCE AVE E
21093,13455910,Jane St,Falstaff Ave,130,,,,,130,"{""type"": ""Point"", ""coordinates"": [-79.507223997328, 43.71545601023811]}",,,,2017-10-20T04:00:00,GORDON MACKAY RD,FALSTAFF AVE,JANE ST,FALSTAFF AVE,130,,531,,12,York South-Weston(5),,,,Jane St And Falstaff Ave / Gordon Mackay Rd,Etobicoke York,6142,JANE ST
21094,13454662,Avenue Rd,Lawrence Ave W,131,,,,,131,"{""type"": ""Point"", ""coordinates"": [-79.4156090060983, 43.7222550020132]}",,53,,2017-03-14T04:00:00,,LAWRENCE AVE W,AVENUE RD,LAWRENCE AVE W,131,,119,,32,Eglinton-Lawrence(8),,,,Avenue Rd And Lawrence Ave W,North York,6143,AVENUE RD
21095,13443081,Pharmacy Ave,McNicoll Ave,132,,,,,132,"{""type"": ""Point"", ""coordinates"": [-79.330734002608, 43.8041220005354]}",,,,2017-03-24T04:00:00,,MCNICOLL AVE,PHARMACY AVE,MCNICOLL AVE,132,,1241,,42,Scarborough-Agincourt(22),,,,Pharmacy Ave And Mcnicoll Ave,Scarborough,6145,PHARMACY AVE
21096,13445553,Markham Rd,Progress Ave,133,,,,,133,"{""type"": ""Point"", ""coordinates"": [-79.2338900025899, 43.7817459980458]}",,,,2017-08-11T04:00:00,,PROGRESS AVE,MARKHAM RD,PROGRESS AVE,133,,878,,43,Scarborough-Guildwood(24),,,,Markham Rd And Progress Ave,Scarborough,6146,MARKHAM RD
21097,13444062,Markham Rd,Sheppard Ave E,134,,,,,134,"{""type"": ""Point"", ""coordinates"": [-79.2387520051422, 43.7938690047402]}",,,,2017-04-11T04:00:00,,SHEPPARD AVE E,MARKHAM RD,SHEPPARD AVE E,134,,701,,42,Scarborough North(23),,,,Markham Rd And Sheppard Ave E,Scarborough,6147,MARKHAM RD
21098,13445096,Don Mills Rd,Van Horne Ave,135,,,,,135,"{""type"": ""Point"", ""coordinates"": [-79.3530289956111, 43.7873450079363]}",,,,2017-07-10T04:00:00,,VAN HORNE AVE,DON MILLS RD,VAN HORNE AVE,135,,628,,33,Don Valley North(17),,,,Don Mills Rd And Van Horne Ave,North York,6148,DON MILLS RD
21099,13443095,Sheppard Ave E,Morningside Ave,136,,,,,136,"{""type"": ""Point"", ""coordinates"": [-79.1997710048694, 43.8019740056559]}",,,,2017-03-10T05:00:00,,MORNINGSIDE AVE,SHEPPARD AVE E,MORNINGSIDE AVE,136,,1108,,42,Scarborough-Rouge Park(25),,,,Sheppard Ave E And Morningside Ave,Scarborough,6149,SHEPPARD AVE E
21100,13443245,Morningside Ave,Milner Ave,137,,,,,137,"{""type"": ""Point"", ""coordinates"": [-79.19908000627852, 43.8002799962731]}",,,,2017-03-10T05:00:00,,MILNER AVE,MORNINGSIDE AVE,MILNER AVE,137,,1584,,42,Scarborough-Rouge Park(25),,,,Morningside Ave And Milner Ave,Scarborough,6150,MORNINGSIDE AVE
21101,13442363,Kennedy Rd,McNicoll Ave,138,,,,,138,"{""type"": ""Point"", ""coordinates"": [-79.3019450092272, 43.8121360060908]}",,,,2017-09-28T04:00:00,,MCNICOLL AVE,KENNEDY RD,MCNICOLL AVE,138,,1586,,42,Scarborough-Agincourt(22),,,,Kennedy Rd And Mcnicoll Ave,Scarborough,6152,KENNEDY RD
21102,13446212,Markham Rd,Ellesmere Rd,139,,,,,139,"{""type"": ""Point"", ""coordinates"": [-79.2317560025442, 43.7764360086941]}",,,,2018-02-16T05:00:00,,ELLESMERE RD,MARKHAM RD,ELLESMERE RD,139,,702,,43,Scarborough-Guildwood(24),,,,Markham Rd And Ellesmere Rd,Scarborough,6153,MARKHAM RD
21103,13466139,Bloor St W,Keele St,140,,,,,140,"{""type"": ""Point"", ""coordinates"": [-79.4600479973423, 43.6547070009503]}",,,,2018-09-05T04:00:00,PARKSIDE DR,KEELE ST,BLOOR ST W,KEELE ST,140,,328,,11,Parkdale-High Park(4),,,,Bloor St W And Keele St / Parkside Dr,Toronto and East York,6154,BLOOR ST W
21104,13461355,Eglinton Ave W,Scarlett Rd,141,,,,,141,"{""type"": ""Point"", ""coordinates"": [-79.5114570043453, 43.6839620012534]}",,22,,2019-06-03T04:00:00,,SCARLETT RD,EGLINTON AVE W,SCARLETT RD,141,,784,,23,Etobicoke Centre(2),,,,Eglinton Ave W And Scarlett Rd,Etobicoke York,6155,EGLINTON AVE W
21105,13445306,Steeles Ave W,Dufferin St,142,,,,,142,"{""type"": ""Point"", ""coordinates"": [-79.4700889909467, 43.7872830028842]}",,,,2018-09-05T04:00:00,,DUFFERIN ST,STEELES AVE W,DUFFERIN ST,142,,619,,32,York Centre(6),,,,Steeles Ave W And Dufferin St,North York,6156,STEELES AVE W
21106,13463882,Dufferin St,Dupont St,143,,,,,143,"{""type"": ""Point"", ""coordinates"": [-79.4390350096527, 43.6684640112994]}",,14,,2018-11-28T05:00:00,,DUPONT ST,DUFFERIN ST,DUPONT ST,143,,608,,11,Davenport(9),,,,Dufferin St And Dupont St,Toronto and East York,6157,DUFFERIN ST
21107,13467841,Bloor St W,Islington Ave,144,,,,,144,"{""type"": ""Point"", ""coordinates"": [-79.5234379984697, 43.6446480024837]}",,,,2018-11-28T05:00:00,,ISLINGTON AVE,BLOOR ST W,ISLINGTON AVE,144,,339,,22,Etobicoke-Lakeshore(3),,,,Bloor St W And Islington Ave,Etobicoke York,6158,BLOOR ST W
21108,,,,145,,,,,145,"{""type"": ""Point"", ""coordinates"": [-79.6140899949954, 43.7554540002572]}",,,,2019-03-01T05:00:00,,HIGHWAY 27,STEELES AVE W,HIGHWAY 27,145,,1793,,23,Etobicoke North(1),,,,Steeles Ave W And Highway 27,Etobicoke York,6159,STEELES AVE W
21109,13446608,Sheppard Ave E,Don Mills Rd,146,,,,,146,"{""type"": ""Point"", ""coordinates"": [-79.347040002097, 43.7751070040083]}",,,,2019-09-19T04:00:00,,DON MILLS RD,SHEPPARD AVE E,DON MILLS RD,146,,627,,33,Don Valley North(17),,,,Sheppard Ave E And Don Mills Rd,North York,6160,SHEPPARD AVE E
21110,13447608,Steeles Ave W,Signet Dr,147,,,,,147,"{""type"": ""Point"", ""coordinates"": [-79.5434480009718, 43.7709200085331]}",,,,2019-06-03T04:00:00,OLD WESTON RD,SIGNET DR,STEELES AVE W,SIGNET DR,147,,1232,,31,Humber River-Black Creek(7),,,,Steeles Ave W And Signet Dr / Old Weston Rd,Etobicoke York,6161,STEELES AVE W
21111,13445476,Kennedy Rd,Sheppard Ave E,148,,,,,148,"{""type"": ""Point"", ""coordinates"": [-79.2882629959488, 43.7832860020415]}",,,,2020-05-27T04:00:00,,SHEPPARD AVE E,KENNEDY RD,SHEPPARD AVE E,148,,752,,42,Scarborough-Agincourt(22),,,,Kennedy Rd And Sheppard Ave E,Scarborough,6162,KENNEDY RD
21112,13461868,Bathurst St,Nina St,149,,,,,149,"{""type"": ""Point"", ""coordinates"": [-79.4169819991952, 43.6798239968693]}",,,,2020-12-03T05:00:00,,NINA ST,BATHURST ST,NINA ST,149,,306,,13,Toronto-St. Paul's(12),,,,Bathurst St And Nina St,Toronto and East York,6163,BATHURST ST
21113,13443575,Brimley Rd,Huntingwood Dr,150,,,,,150,"{""type"": ""Point"", ""coordinates"": [-79.2733659976785, 43.7984070025272]}",,,,2021-04-07T04:00:00,,HUNTINGWOOD DR,BRIMLEY RD,HUNTINGWOOD DR,150,,1170,,42,Scarborough North(23),,,,Brimley Rd And Huntingwood Dr,Scarborough,6167,BRIMLEY RD
21114,13446436,Brimley Rd,Progress Ave,151,,,,,151,"{""type"": ""Point"", ""coordinates"": [-79.2631830057711, 43.7752810004707]}",,43,,2021-05-27T04:00:00,,PROGRESS AVE,BRIMLEY RD,PROGRESS AVE,151,,1072,,41,Scarborough Centre(21),,,,Brimley Rd And Progress Ave,Scarborough,6168,BRIMLEY RD
21115,13454867,Kingston Rd,Brimley Rd,152,,,,,152,"{""type"": ""Point"", ""coordinates"": [-79.2403629937362, 43.7182259993558]}",,43,,2021-05-25T04:00:00,BRIMLEY RD S,BRIMLEY RD,KINGSTON RD,BRIMLEY RD,152,,164,,41,Scarborough Southwest(20),,,,Kingston Rd And Brimley Rd / Brimley Rd S,Scarborough,6169,KINGSTON RD
21116,13448254,Lawrence Ave E,Scarborough Golf Club Rd,153,,,,,153,"{""type"": ""Point"", ""coordinates"": [-79.2158379985684, 43.7618520036741]}",,,,2021-05-14T04:00:00,,SCARBOROUGH GOLF CLUB RD,LAWRENCE AVE E,SCARBOROUGH GOLF CLUB RD,153,,397,,43,Scarborough Guildwood(24),,,,Lawrence Ave E And Scarborough Golf Club Rd,Scarborough,6170,LAWRENCE AVE E
21117,13441620,Steeles Ave E,Markham Rd,154,,,,,154,"{""type"": ""Point"", ""coordinates"": [-79.2511890036955, 43.8365980058072]}",,,,2021-06-30T04:00:00,,MARKHAM RD,STEELES AVE E,MARKHAM RD,154,,1583,,42,Scarborough North(23),,,,Steeles Ave E And Markham Rd,Scarborough,6171,STEELES AVE E
21118,13468144,Strachan Ave,Wellington St W,155,,,,,155,"{""type"": ""Point"", ""coordinates"": [-79.4114689982727, 43.6407580008455]}",,,,2021-06-21T04:00:00,DOURO ST,WELLINGTON ST W,STRACHAN AVE,WELLINGTON ST W,155,,2403,,14,Spadina-Fort York(10),,,,Strachan Ave And Wellington St W / Douro St,Toronto and East York,6173,STRACHAN AVE
21119,13465980,University Ave,Dundas St W,156,,,,,156,"{""type"": ""Point"", ""coordinates"": [-79.3883140021352, 43.6547900061355]}",,,,2021-06-21T04:00:00,,DUNDAS ST W,UNIVERSITY AVE,DUNDAS ST W,156,,81,,52,University-Rosedale(11),,Spadina-Fort York(10),,University Ave And Dundas St W,Toronto and East York,6175,UNIVERSITY AVE
21120,13448519,Warden Ave,Ellesmere Rd,157,,,,,157,"{""type"": ""Point"", ""coordinates"": [-79.3007509906093, 43.7611930035096]}",,,,2021-06-11T04:00:00,,ELLESMERE RD,WARDEN AVE,ELLESMERE RD,157,,694,,41,Scarborough Centre(21),,,,Warden Ave And Ellesmere Rd,Scarborough,6176,WARDEN AVE
21121,13445655,Willowdale Ave,Bishop Ave,158,,,,,158,"{""type"": ""Point"", ""coordinates"": [-79.4078709998587, 43.7834400045557]}",,,,2021-04-07T04:00:00,,BISHOP AVE,WILLOWDALE AVE,BISHOP AVE,158,,1640,,32,Willowdale(18),,,,Willowdale Ave And Bishop Ave,North York,6178,WILLOWDALE AVE
21122,13445027,Cummer Ave,Willowdale Ave,159,,,,,159,"{""type"": ""Point"", ""coordinates"": [-79.409916994778, 43.7886630024238]}",,,,2021-05-25T04:00:00,,WILLOWDALE AVE,CUMMER AVE,WILLOWDALE AVE,159,,806,,32,Willowdale(18),,,,Cummer Ave And Willowdale Ave,North York,6180,CUMMER AVE
21123,13446551,Sheppard Ave E,Victoria Park Ave,160,,,,,160,"{""type"": ""Point"", ""coordinates"": [-79.32301700056752, 43.7752440086096]}",,42,,2021-05-27T04:00:00,,VICTORIA PARK AVE,SHEPPARD AVE E,VICTORIA PARK AVE,160,,748,,33,Don Valley North(17),,Scarborough-Agincourt(22),,Sheppard Ave E And Victoria Park Ave,North York,6181,SHEPPARD AVE E
21124,13446970,Bathurst St,Finch Ave W,161,,,,,161,"{""type"": ""Point"", ""coordinates"": [-79.4430079979777, 43.7738590056771]}",,,,2021-07-29T04:00:00,,FINCH AVE W,BATHURST ST,FINCH AVE W,161,,675,,32,York Centre(6),,Willowdale(18),,Bathurst St And Finch Ave W,North York,6182,BATHURST ST
21125,13444423,Finch Ave E,Don Mills Rd,162,,,,,162,"{""type"": ""Point"", ""coordinates"": [-79.3547360041712, 43.7926600047163]}",,,,2021-05-07T04:00:00,,DON MILLS RD,FINCH AVE E,DON MILLS RD,162,,869,,33,Don Valley North(17),,,,Finch Ave E And Don Mills Rd,North York,6183,FINCH AVE E
21126,13446896,Steeles Ave W,Jane St,163,,,,,163,"{""type"": ""Point"", ""coordinates"": [-79.5217349954741, 43.775470007186]}",,,,2021-03-05T05:00:00,,JANE ST,STEELES AVE W,JANE ST,163,,535,,31,Humber River-Black Creek(7),,,,Steeles Ave W And Jane St,Etobicoke York,6185,STEELES AVE W
21127,13452283,Sheppard Ave W,Jane St,164,,,,,164,"{""type"": ""Point"", ""coordinates"": [-79.5132209984939, 43.73938900464711]}",,,,2021-05-14T04:00:00,,JANE ST,SHEPPARD AVE W,JANE ST,164,,533,,31,Humber River-Black Creek(7),,York Centre(6),,Sheppard Ave W And Jane St,Etobicoke York,6186,SHEPPARD AVE W
21128,13446827,McCowan Rd,Ellesmere Rd,165,,,,,165,"{""type"": ""Point"", ""coordinates"": [-79.251497995166, 43.7721420056226]}",,,,2021-08-27T04:00:00,,ELLESMERE RD,MCCOWAN RD,ELLESMERE RD,165,,699,,43,Scarborough Centre(21),,Scarborough-Guildwood(24),,Mccowan Rd And Ellesmere Rd,Scarborough,6188,MCCOWAN RD
21129,13447827,McCowan Rd,Brimorton Dr,166,,,,,166,"{""type"": ""Point"", ""coordinates"": [-79.2489580019758, 43.7654209967952]}",,,,2021-06-11T04:00:00,,BRIMORTON DR,MCCOWAN RD,BRIMORTON DR,166,,951,,43,Scarborough Centre(21),,Scarborough Guildwood(24),,Mccowan Rd And Brimorton Dr,Scarborough,6190,MCCOWAN RD
21130,,,,167,,,,,167,"{""type"": ""Point"", ""coordinates"": [-79.5956219954628, 43.717268007419]}",,,,2021-06-11T04:00:00,,REXDALE BLVD,HIGHWAY 27,REXDALE BLVD,167,,1161,,23,Etobicoke North(1),,,,Highway 27 And Rexdale Blvd,Etobicoke York,6191,HIGHWAY 27
21131,13452437,Bathurst St,Wilson Ave,168,,,,,168,"{""type"": ""Point"", ""coordinates"": [-79.4340050046302, 43.7373540023486]}",,,,2021-06-29T04:00:00,,WILSON AVE,BATHURST ST,WILSON AVE,168,,320,,32,York Centre(6),,,,Bathurst St And Wilson Ave,North York,6192,BATHURST ST
21132,13465860,Jarvis St,Shuter St,169,,,,,169,"{""type"": ""Point"", ""coordinates"": [-79.3739169933193, 43.6553610036448]}",,,,2021-06-03T04:00:00,,SHUTER ST,JARVIS ST,SHUTER ST,169,,7,,51,Toronto Centre(13),,,,Jarvis St And Shuter St,Toronto and East York,6193,JARVIS ST
21133,13448487,Lawrence Ave E,Greencrest Crct,170,,,,,170,"{""type"": ""Point"", ""coordinates"": [-79.2229820032987, 43.7603119953437]}",,,,2021-07-29T04:00:00,GREENHOLM CRCT,GREENCREST CRCT,LAWRENCE AVE E,GREENCREST CRCT,170,,1005,,43,Scarborough-Guildwood(24),,,,Lawrence Ave E And Greencrest Crct / Greenholm Crct,Scarborough,6194,LAWRENCE AVE E
21134,13449574,Steeles Ave W,Martin Grove Rd,171,,,,,171,"{""type"": ""Point"", ""coordinates"": [-79.6033810035634, 43.7578610076682]}",,,,2021-06-29T04:00:00,,MARTIN GROVE RD,STEELES AVE W,MARTIN GROVE RD,171,,1486,,23,Etobicoke North(1),,,,Steeles Ave W And Martin Grove Rd,Etobicoke York,6195,STEELES AVE W
21135,14134984,Lake Shore Blvd W,Lower Simcoe St,172,,,,,172,"{""type"": ""Point"", ""coordinates"": [-79.3831869970504, 43.6403400048128]}",,,,2021-09-13T04:00:00,,LOWER SIMCOE ST,LAKE SHORE BLVD W,LOWER SIMCOE ST,172,,1747,,52,Spadina-Fort York(10),,,,Lake Shore Blvd W And Lower Simcoe St,Toronto and East York,6196,LAKE SHORE BLVD W
21136,13458216,Martin Grove Rd,Belfield Rd,173,,,,,173,"{""type"": ""Point"", ""coordinates"": [-79.5756320005708, 43.7019480092184]}",,,,2021-07-29T04:00:00,,BELFIELD RD,MARTIN GROVE RD,BELFIELD RD,173,,789,,23,Etobicoke North(1),,,,Martin Grove Rd And Belfield Rd,Etobicoke York,6197,MARTIN GROVE RD
21137,13442251,Finch Ave E,Markham Rd,174,,,,,174,"{""type"": ""Point"", ""coordinates"": [-79.2430759998232, 43.8129710006548]}",,,,2021-06-03T04:00:00,,MARKHAM RD,FINCH AVE E,MARKHAM RD,174,,1257,,42,Scarborough North(23),,,,Finch Ave E And Markham Rd,Scarborough,6198,FINCH AVE E
21138,13443837,Finch Ave E,Warden Ave,175,,,,,175,"{""type"": ""Point"", ""coordinates"": [-79.315766003199, 43.7967720021073]}",,,,2021-06-30T04:00:00,,WARDEN AVE,FINCH AVE E,WARDEN AVE,175,,1035,,42,Scarborough-Agincourt(22),,,,Finch Ave E And Warden Ave,Scarborough,6199,FINCH AVE E
21139,13451212,Lawrence Ave E,Pharmacy Ave,176,,,,,176,"{""type"": ""Point"", ""coordinates"": [-79.3046450113134, 43.74324200256311]}",,,,2021-07-29T04:00:00,,PHARMACY AVE,LAWRENCE AVE E,PHARMACY AVE,176,,408,,41,Scarborough Centre(21),,,,Lawrence Ave E And Pharmacy Ave,Scarborough,6200,LAWRENCE AVE E
21140,13450997,Eglinton Ave E,Markham Rd,177,,,,,177,"{""type"": ""Point"", ""coordinates"": [-79.2189130009699, 43.7431820018927]}",,,,2021-06-23T04:00:00,,MARKHAM RD,EGLINTON AVE E,MARKHAM RD,177,,463,,43,Scarborough Southwest(20),,Scarborough Guildwood(24),,Eglinton Ave E And Markham Rd,Scarborough,6203,EGLINTON AVE E
21141,13455129,St Clair Ave E,Danforth Rd,178,,,,,178,"{""type"": ""Point"", ""coordinates"": [-79.2599200046733, 43.716846011755]}",,,,2021-04-27T04:00:00,,DANFORTH RD,ST CLAIR AVE E,DANFORTH RD,178,,392,,41,Scarborough Southwest(20),,,,St Clair Ave E And Danforth Rd,Scarborough,6205,ST CLAIR AVE E
21142,13449204,Lawrence Ave E,McCowan Rd,179,,,,,179,"{""type"": ""Point"", ""coordinates"": [-79.2454219966348, 43.7555480047005]}",,,,2021-08-16T04:00:00,,MCCOWAN RD,LAWRENCE AVE E,MCCOWAN RD,179,,380,,43,Scarborough Centre(21),,Scarborough-Guildwood(24),,Lawrence Ave E And Mccowan Rd,Scarborough,6206,LAWRENCE AVE E
21143,20154546,Morningside Ave,401 C W Morningside Ave N Ramp,180,,,,,180,"{""type"": ""Point"", ""coordinates"": [-79.1977450106576, 43.7978289967425]}",,,,2021-06-23T04:00:00,CINEMART DR,401 C W MORNINGSIDE AVE N RAMP,MORNINGSIDE AVE,401 C W MORNINGSIDE AVE N RAMP,180,,1546,HWY 401 NORTH INTERSECTION,42,Scarborough-Rouge Park(25),,,,Morningside Ave And 401 C W Morningside Ave N Ramp / Cinemart Dr,Scarborough,6207,MORNINGSIDE AVE
21144,13447492,Bellamy Rd N,Brimorton Dr,181,,,,,181,"{""type"": ""Point"", ""coordinates"": [-79.23916500512, 43.7674520013201]}",,,,2021-06-03T04:00:00,,BRIMORTON DR,BELLAMY RD N,BRIMORTON DR,181,,1017,,43,Scarborough Guildwood(24),,,,Bellamy Rd N And Brimorton Dr,Scarborough,6208,BELLAMY RD N
21145,13449428,Weston Rd,Fenmar Dr,182,,,,,182,"{""type"": ""Point"", ""coordinates"": [-79.543761993849, 43.7574660031374]}",,,,2021-07-29T04:00:00,,FENMAR DR,WESTON RD,FENMAR DR,182,,1149,,31,Humber River-Black Creek(7),,,,Weston Rd And Fenmar Dr,Etobicoke York,6209,WESTON RD
21146,13441776,Markham Rd,McNicoll Ave,183,,,,,183,"{""type"": ""Point"", ""coordinates"": [-79.247816998906, 43.8239970063578]}",,,,2021-06-11T04:00:00,,MCNICOLL AVE,MARKHAM RD,MCNICOLL AVE,183,,1560,,42,Scarborough North(23),,,,Markham Rd And Mcnicoll Ave,Scarborough,6210,MARKHAM RD
21147,13450818,Lawrence Ave E,Warden Ave,184,,,,,184,"{""type"": ""Point"", ""coordinates"": [-79.2947299975949, 43.7453760055059]}",,,,2021-06-23T04:00:00,,WARDEN AVE,LAWRENCE AVE E,WARDEN AVE,184,,409,,41,Scarborough Centre(21),,,,Lawrence Ave E And Warden Ave,Scarborough,6211,LAWRENCE AVE E
21148,13462349,Kipling Ave,Widdicombe Hill,185,,,,,185,"{""type"": ""Point"", ""coordinates"": [-79.5517119968769, 43.6789370037179]}",,,,2021-08-16T04:00:00,WIDDICOMBE HILL BLVD,WIDDICOMBE HILL,KIPLING AVE,WIDDICOMBE HILL,185,,1359,,23,Etobicoke Centre(2),,,,Kipling Ave And Widdicombe Hill / Widdicombe Hill Blvd,Etobicoke York,6212,KIPLING AVE
21149,13449501,Lawrence Ave E,Brimley Rd,186,,,,,186,"{""type"": ""Point"", ""coordinates"": [-79.2553669940847, 43.7535260020301]}",,43,,2021-08-27T04:00:00,,BRIMLEY RD,LAWRENCE AVE E,BRIMLEY RD,186,,414,,41,Scarborough Centre(21),,,,Lawrence Ave E And Brimley Rd,Scarborough,6214,LAWRENCE AVE E
21150,13450458,William R Allen Rd,Sheppard Ave W,187,,,,,187,"{""type"": ""Point"", ""coordinates"": [-79.4633900003128, 43.7502510064068]}",,,,2021-06-29T04:00:00,,SHEPPARD AVE W,WILLIAM R ALLEN RD,SHEPPARD AVE W,187,,1407,,32,York Centre(6),,,,William R Allen Rd And Sheppard Ave W,North York,6215,WILLIAM R ALLEN RD
21151,13441919,Midland Ave,Copthorne Ave,188,,,,,188,"{""type"": ""Point"", ""coordinates"": [-79.2949340100423, 43.8207070058596]}",,,,2021-08-16T04:00:00,PASSMORE AVE,COPTHORNE AVE,MIDLAND AVE,COPTHORNE AVE,188,,1565,,42,Scarborough-Agincourt(22),,Scarborough North(23),,Midland Ave And Copthorne Ave / Passmore Ave,Scarborough,6216,MIDLAND AVE
21152,13442528,Steeles Ave E,Don Mills Rd,189,,,,,189,"{""type"": ""Point"", ""coordinates"": [-79.3607760036512, 43.8111839970382]}",,,,2021-09-13T04:00:00,,DON MILLS RD,STEELES AVE E,DON MILLS RD,189,,1038,,33,Don Valley North(17),,,,Steeles Ave E And Don Mills Rd,North York,6219,STEELES AVE E
21153,13445620,Steeles Ave W,Alness St,190,,,,,190,"{""type"": ""Point"", ""coordinates"": [-79.481056997688, 43.784700001585506]}",,,,2021-07-29T04:00:00,,ALNESS ST,STEELES AVE W,ALNESS ST,190,,1231,,32,York Centre(6),,,,Steeles Ave W And Alness St,North York,6224,STEELES AVE W
21154,13467918,Burnhamthorpe Rd,The West Mall,191,,,,,191,"{""type"": ""Point"", ""coordinates"": [-79.5672500121821, 43.6445520063353]}",,,,2021-08-27T04:00:00,,THE WEST MALL,BURNHAMTHORPE RD,THE WEST MALL,191,,875,,22,Etobicoke Centre(2),,,,Burnhamthorpe Rd And The West Mall,Etobicoke York,6227,BURNHAMTHORPE RD
21155,13464218,Jane St,St Clair Ave W,192,,,,,192,"{""type"": ""Point"", ""coordinates"": [-79.4917669900948, 43.6671840047067]}",,11,,2021-08-16T04:00:00,,ST CLAIR AVE W,JANE ST,ST CLAIR AVE W,192,,495,,12,York South-Weston(5),,,,Jane St And St Clair Ave W,Etobicoke York,6230,JANE ST
21156,13448022,Willowdale Ave,Spring Garden Ave,193,,,,,193,"{""type"": ""Point"", ""coordinates"": [-79.4009059964784, 43.7663430021023]}",,,,2021-08-27T04:00:00,,SPRING GARDEN AVE,WILLOWDALE AVE,SPRING GARDEN AVE,193,,2473,,32,Willowdale(18),,,,Willowdale Ave And Spring Garden Ave,North York,6237,WILLOWDALE AVE
21157,13448822,Markham Rd,Greencedar Crct,194,,,,,194,"{""type"": ""Point"", ""coordinates"": [-79.2247089902657, 43.7578400050447]}",,,,2021-08-27T04:00:00,GREENCREST CRCT,GREENCEDAR CRCT,MARKHAM RD,GREENCEDAR CRCT,194,,704,,43,Scarborough-Guildwood(24),,,,Markham Rd And Greencedar Crct / Greencrest Crct,Scarborough,6243,MARKHAM RD
21158,13465689,Dundas St W,Royal York Rd,195,,,,,195,"{""type"": ""Point"", ""coordinates"": [-79.5135780034782, 43.65946000229591]}",275M EAST OF,,,2021-10-21T04:00:00,PRIVATE ACCESS,ROYAL YORK RD,DUNDAS ST W,ROYAL YORK RD,195,KINGSWAY MILLS PLAZA,1852,,22,Etobicoke Centre(2),,Etobicoke-Lakeshore(3),,Dundas St W And Royal York Rd / Private Access @ 275m East Of - Kingsway Mills Plaza,Etobicoke York,6248,DUNDAS ST W
